{"initial_reset_timestamp": 1588420278.948547, "timestamps": [1588420301.0338438, 1588420320.3975463, 1588420333.380048, 1588420339.94184, 1588420346.091348], "episode_lengths": [61, 54, 35, 16, 15], "episode_rewards": [-3150.0, 1100.0, -450.0, 250.0, -250.0], "episode_types": ["t", "t", "t", "t", "t"]}