{"initial_reset_timestamp": 1588417907.115863, "timestamps": [1588417931.9955184, 1588417967.0717692, 1588418002.3332312, 1588418025.2329986, 1588418060.3970623], "episode_lengths": [69, 100, 100, 64, 100], "episode_rewards": [2650.0, 4050.0, -9800.0, -5050.0, -10250.0], "episode_types": ["t", "t", "t", "t", "t"]}