#{"t_start": 1591439124.3515515, "env_id": "SJTUGotoEnv-v0"}
r,l,t
-10.1,2,4.954876
10.2,7,13.250266
-10.1,2,16.41851
-10.1,2,19.591016
-10.1,2,22.804035
-10.1,2,26.018049
-10.1,2,29.24157
-10.1,2,32.433422
-10.1,2,35.626286
-10.1,2,38.789022
-10.1,2,41.984951
-10.1,2,45.176242
-10.1,2,48.335838
-10.1,2,51.496719
-10.1,2,54.672632
