#{"t_start": 1591437682.5190456, "env_id": "SJTUGotoEnv-v0"}
r,l,t
-10.1,2,5.364449
-9.9,4,10.613545
-9.8,5,16.912741
10.2,13,31.331363
-10.1,2,34.491108
9.9,14,49.999257
-10.1,2,53.223882
10.3,6,60.482888
-9.8,7,68.812731
-9.9,10,80.201287
-10.1,2,83.363909
