#{"t_start": 1591402828.7308817, "env_id": "SJTUGotoEnv-v0"}
r,l,t
-1,2,4.64433
-1,2,7.795922
-1,2,10.973261
-1,2,14.124404
-1,2,17.275177
-1,2,20.435219
-1,2,23.584185
-1,2,26.736386
-1,2,29.88131
-1,2,33.051488
